Time,Distortion Signal (cents),Participant 1 (cents),Participant 2 (cents),Participant 3 (cents),Participant 4 (cents),Participant 5 (cents),Participant 6 (cents),Participant 7 (cents),Participant 8 (cents),Participant 9 (cents),Participant 10 (cents),Participant 11 (cents),Participant 12 (cents),Participant 13 (cents),Participant 14 (cents),Participant 15 (cents),Participant 16 (cents),Participant 17 (cents),Participant 18 (cents),Participant 19 (cents)
1.530000000000000027e+00,0.000000000000000000e+00,-2.804038182946576363e+00,-3.792928180323066556e+00,-5.052920287612439054e+00,-3.110761602763985501e+00,-1.015874745918854138e+01,4.112992737530218323e-01,-9.084567269928754740e+00,-3.977894114943547166e+00,7.234737102804494668e+00,3.656871036697921351e+00,1.049135351222235668e+00,-3.370345260189783865e+00,-4.055815766200915995e+00,-1.125654154763072290e+00,1.603637074501428617e-01,-3.631008766797716447e+00,-1.655581043109907613e+00,-1.161845267251144342e+00
1.540000000000000036e+00,0.000000000000000000e+00,-2.804038182946576363e+00,-3.792928180323066556e+00,-5.052920287612439054e+00,-3.110761602763985501e+00,-1.015874745918854138e+01,4.112992737530218323e-01,-9.084567269928754740e+00,-3.977894114943547166e+00,7.234737102804494668e+00,3.656871036697921351e+00,1.049135351222235668e+00,-3.370345260189783865e+00,-4.055815766200915995e+00,-1.125654154763072290e+00,1.603637074501428617e-01,-3.631008766797716447e+00,-1.655581043109907613e+00,-1.161845267251144342e+00
1.550000000000000044e+00,0.000000000000000000e+00,-2.804038182946576363e+00,-3.792928180323066556e+00,-5.052920287612439054e+00,-3.110761602763985501e+00,-1.015874745918854138e+01,4.112992737530218323e-01,-9.084567269928754740e+00,-3.977894114943547166e+00,7.234737102804494668e+00,3.656871036697921351e+00,1.049135351222235668e+00,-3.370345260189783865e+00,-4.055815766200915995e+00,-1.125654154763072290e+00,1.603637074501428617e-01,-3.631008766797716447e+00,-1.655581043109907613e+00,-1.161845267251144342e+00
1.560000000000000053e+00,0.000000000000000000e+00,-2.804038182946576363e+00,-3.792928180323066556e+00,-5.052920287612439054e+00,-3.110761602763985501e+00,-1.015874745918854138e+01,4.112992737530218323e-01,-9.084567269928754740e+00,-3.977894114943547166e+00,7.234737102804494668e+00,3.656871036697921351e+00,1.049135351222235668e+00,-3.370345260189783865e+00,-4.055815766200915995e+00,-1.125654154763072290e+00,1.603637074501428617e-01,-3.631008766797716447e+00,-1.655581043109907613e+00,-1.161845267251144342e+00
1.570000000000000062e+00,1.228685648333665265e-92,-3.643727137187886100e+00,-4.683981426090744193e+00,-4.511961603133276100e+00,-2.986585033271644818e+00,-8.129485417961181071e+00,1.297532335393587255e+00,-8.086237947894870715e+00,-4.333535503168631564e+00,6.880383123120477507e+00,3.739780848099178989e+00,1.112313642334162633e+00,-3.143313879039455028e+00,-4.395437556917237032e+00,7.320585238106314119e-01,1.003532667451601662e-01,-3.479974201783907262e+00,-1.502679277469195496e+00,-1.246828320376079047e+00
1.580000000000000071e+00,0.000000000000000000e+00,-2.509810410105148382e+00,-5.405309306915232703e+00,-4.079244137381744295e+00,-2.792087218040002483e+00,-7.272109055283301871e+00,1.085702429903927735e+00,-7.742999469735679874e+00,-4.146036084261274901e+00,5.387589489604282633e+00,2.155221550568981570e+00,1.245754546620424064e+00,-2.718505287086383504e+00,-4.334861481458307964e+00,3.110834639978398153e-01,7.284706489555944908e-02,-3.322087412600166267e+00,-1.649403299777744802e+00,-1.511940783541717126e+00
1.590000000000000080e+00,-4.411870872669583337e-89,-1.691057139310649049e+00,-5.897618226202686387e+00,-3.268863277839906711e+00,-2.575908992202229797e+00,-5.462004839512934140e+00,1.700515773352907711e+00,-7.696428087389532102e+00,-3.016330685338382445e+00,5.221842538348181684e+00,2.562781745386199184e+00,1.437194895657352367e+00,-2.227002376650037974e+00,-4.605196555209274401e+00,1.364675078264523611e+00,-2.311767293318734151e-01,-3.335816504102060875e+00,-2.060296382253450354e+00,-1.679606002620832150e+00
1.600000000000000089e+00,0.000000000000000000e+00,-1.267003182975986908e+00,-5.935601246668403164e+00,-3.044599240175429600e+00,-2.371040032776752238e+00,-4.579275370263249378e+00,3.171967881833327674e+00,-8.484975194543956434e+00,-2.274512034850260545e+00,4.684126225689698053e+00,1.113950337059987028e+00,1.625390088546760925e+00,-1.484975990166329751e+00,-3.956042671252174348e+00,-9.399620438004145928e-01,1.710790204475396148e-01,-3.588291617668883049e+00,-2.526144105204494839e+00,-1.523638595698145082e+00
1.610000000000000098e+00,-1.643080558003714407e-86,-2.301532466952685319e+00,-5.483366438856602798e+00,-3.342550129899389155e+00,-2.158386357453679238e+00,-4.087736805007840424e+00,2.369475906637079632e+00,-9.025292219359426937e+00,-1.817196214335448312e+00,2.967321787461151050e+00,2.093220812763657346e+00,1.718193253878522508e+00,-1.517300177226521107e+00,-2.864515630838595950e+00,-1.519048524891798424e+00,-5.575875293410562789e-02,-3.946853104959930914e+00,-2.786548740224890519e+00,-1.023853276064600859e+00
1.620000000000000107e+00,0.000000000000000000e+00,-1.401032955818410919e+00,-4.595416829983097529e+00,-2.484246518801906944e+00,-1.878937299861094257e+00,-3.326104656659900627e+00,2.898198278115999837e+00,-1.054032302191146719e+01,-1.226017879759941698e+00,1.863476938251988679e+00,-3.466035130896048533e-01,1.675658726965685297e+00,-1.305347331156470503e+00,-1.369202998919177405e+00,-1.573759356725927816e+00,-8.086439644877781996e-01,-4.180339780471938660e+00,-2.667546842687977815e+00,-3.099030494322596585e-01
1.630000000000000115e+00,1.941673072706592384e-84,-8.245286026311264838e-01,-3.483134859996273036e+00,-1.745728349856306982e+00,-1.467655811064131788e+00,-2.157419123993853383e+00,3.558876411701292763e+00,-1.115067774201220629e+01,-6.003766036730618927e-01,2.232099935117502820e+00,8.603756939092637168e-01,1.538385089186447008e+00,-4.757998372159922273e-01,1.214825531603494824e+00,-1.618001989276788732e+00,-1.067425315009216780e+00,-4.129976905458535796e+00,-2.150674505696480665e+00,4.715204747955571429e-01
1.640000000000000124e+00,-4.216879177292209290e-81,-1.501100754434856910e+00,-2.578658820020410136e+00,-1.391595315162175384e+00,-9.549921851532527928e-01,-2.679188310948767526e+00,3.445282985203472315e+00,-1.116168639108513894e+01,-2.258109268647985890e-01,1.347274229373753851e+00,-1.130698794634358517e+00,1.415925175547398496e+00,-6.733507213827117921e-01,2.480282310352233122e+00,-1.725405804962590217e+00,-1.802513858362267740e+00,-3.809522097626628856e+00,-1.424688791952995137e+00,1.172398009831544297e+00
1.650000000000000133e+00,2.391591396549697208e-80,-1.412151314480802000e+00,-1.965877680743207456e+00,-1.163288353957555143e+00,-4.381459463235795049e-01,-3.441455227697382657e+00,3.929239040063619903e+00,-1.148334304320939481e+01,5.962987686573186785e-01,7.077119179340383148e-01,-5.478473956458431715e-01,1.400455337771565389e+00,-7.490938903195828447e-01,4.050438361392698638e+00,-2.538916777248698686e+00,-2.154078879265500568e+00,-3.335816504102060875e+00,-7.862280106312816708e-01,1.631708340235039190e+00
1.660000000000000142e+00,0.000000000000000000e+00,-1.644416066123306930e+00,-1.657814740304764944e+00,-1.191154195680067973e+00,-3.674237011631263650e-02,-3.016859632586978535e+00,3.232068938782238998e+00,-1.128254045121336446e+01,1.673348034331147982e+00,8.806970855720770430e-01,1.952410288918886849e-01,1.485535140315757063e+00,-3.460546020987099736e-01,4.966286405386664882e+00,-2.671722087716880800e+00,-2.540061069013628714e+00,-2.712034180277992590e+00,-3.385967025070538150e-01,1.758580456955875171e+00
1.669999999999999929e+00,6.091030978190476684e-77,-1.614144663224788667e+00,-1.452938300055599097e+00,-1.664453800002993755e-01,2.276301932534634531e-01,-2.312188552375622486e+00,3.829660251741308752e+00,-1.090804175227859396e+01,1.235052803181825531e+00,4.863530466758315685e-01,-5.188697302393329158e-01,1.586722508491759553e+00,5.179665966946628286e-01,5.577393776806690795e+00,-5.350291442021401167e+00,-2.497486989675456570e+00,-1.702106310314687398e+00,3.485631544637637219e-02,1.629371644857076085e+00
1.679999999999999938e+00,6.462714290734344477e-72,-1.784653266002015126e+00,-1.291578891411458985e+00,8.244700634141826079e-01,4.685643297634018989e-01,-2.687915128706815704e+00,3.821430857509757306e+00,-9.811096884867012591e+00,1.611976915520390685e+00,2.176751466304748250e-01,-1.011883413247302910e+00,1.603479257738618546e+00,6.169416938957845709e-01,4.337891178408389337e+00,-3.542817219351488411e+00,-2.733263038352204521e+00,-1.605309259868580585e-01,4.568210456907971784e-01,1.446440638341733642e+00
1.689999999999999947e+00,1.854892100401885293e-73,-8.686776116502994416e-01,-1.096564608874100344e+00,8.644368766591428166e-01,8.013101040689678545e-01,-2.085779481301093252e+00,2.867319511109494901e+00,-8.662034093603820040e+00,2.427764332933634028e-01,-4.434483348745048570e-01,-6.901987998229152099e-01,1.482312614648357840e+00,8.799651458548677363e-01,2.936416600545643352e+00,-3.065806162130065182e+00,-1.987764681870260119e+00,8.151933117544695184e-01,9.396042405098050665e-01,1.375599172291045669e+00
1.699999999999999956e+00,7.460044734071116754e-69,-1.980511158997639187e+00,-1.064298513077500230e+00,1.324709432392748187e+00,1.282118528081351627e+00,-2.013685225211442109e+00,2.916725965285169142e+00,-8.288103509371577360e+00,-7.303712520314636913e-01,-1.549829436396224391e+00,-1.234867310617372205e+00,1.230283188164878805e+00,5.265641404170529061e-02,1.789577584285179546e+00,-3.058033035455593573e+00,-1.630868469183215597e+00,9.901869368002353955e-01,1.335137297540980983e+00,1.505603573649972216e+00
1.709999999999999964e+00,-1.447162877533040390e-70,-1.990088935413647953e+00,-1.351911699410147660e+00,1.772376434922315669e+00,1.839862208343159722e+00,-2.441249061080182248e+00,2.727741166084759250e+00,-6.966012044173554685e+00,-1.067615868218086517e+00,-2.101492108244920498e+00,-1.661486743740930638e+00,9.118120239638110025e-01,-3.840958469175435874e-02,2.187638042074525835e+00,-2.871795401872887510e+00,-1.192897016724073556e+00,5.861520091903936747e-01,1.444607061865492259e+00,1.803722660393363375e+00
1.719999999999999973e+00,-2.892665012632001014e-69,-2.038593924427702042e+00,-1.693601076448467690e+00,1.790923092280420015e+00,2.328174529478532762e+00,-3.540725075340169337e+00,1.515106679243111820e+00,-5.445756306784673484e+00,-8.221626119625131679e-01,-1.810574234546263650e+00,8.319245333712836643e-02,6.016637376887794542e-01,3.443497533967664892e-01,-9.742577017949249907e-01,-1.511956378261583245e+00,-1.387736760906268296e+00,9.677327855489106789e-02,1.365974210080719731e+00,2.135252288533725284e+00
1.729999999999999982e+00,-6.444811358692079329e-68,-3.029068820551592101e+00,-1.921666019864802566e+00,2.140768109107622053e+00,2.606900379696192260e+00,-2.461918081896726118e+00,1.190383641456431718e+00,-4.134889741943847952e+00,-1.159818364785075717e+00,-2.328591459198178448e+00,1.818721644743465649e-01,3.430585091740014358e-01,1.243474419956079213e+00,-2.493714390041550821e+00,5.101143196691684256e-01,-1.326600528425468717e+00,-6.689271349655655230e-02,1.323572881250721478e+00,2.447266222179246054e+00
1.739999999999999991e+00,9.245774291901119936e-67,-3.271133747683329318e+00,-2.089400392835509379e+00,2.125790626860073917e+00,2.643253068216950386e+00,-1.254342108194439032e+00,1.876843199554425912e+00,-3.436707417984168789e+00,-1.427783324271771015e+00,-3.164778701686383755e+00,-1.132264093528985854e-01,1.663324392536687513e-01,1.651868476696034760e+00,-3.301184364356498868e+00,-3.365654887384526894e+00,-1.231863211358849464e+00,1.256986096988328416e-01,1.463878545489994520e+00,2.704772593362408717e+00
1.750000000000000000e+00,2.668412421646776567e-64,-2.918403656095631238e+00,-2.182047344258477128e+00,2.221710322586867292e+00,2.499569928499644877e+00,-5.792916466717619173e-01,1.428161869804927431e+00,-2.993161220180362569e+00,-1.747820058774095298e+00,-3.367247253650333061e+00,-1.601262712083831419e+00,9.409001369397561321e-02,2.001995789048363505e+00,-3.966545836118323898e+00,-1.710207809710004412e+00,-1.314444922015338468e+00,4.560196956210488262e-01,1.714395231021204502e+00,2.880570866305041555e+00
1.760000000000000009e+00,2.639909752241646330e-63,-1.709590881363598935e+00,-2.272593040281945420e+00,1.834433628411855421e+00,2.272770804068022787e+00,8.723814816647648684e-02,2.006605918648830311e+00,-2.461389304173478454e+00,-9.588705613506436354e-01,-3.687151768577272115e+00,-7.956155869525973756e-01,1.205364368878482778e-01,2.837359701850282079e+00,-5.628788623416627779e+00,-2.986324663540422253e-01,-1.418841076609998586e+00,6.675753519870448738e-01,2.005720553376459936e+00,2.935794412390098085e+00
1.770000000000000018e+00,3.164052010718576937e-61,-6.186146491720050378e-01,-2.391222799780382768e+00,1.892210208520809678e+00,1.997453087444779785e+00,1.314122351761712881e+00,-1.359193268692031054e-01,-2.155214249739760390e+00,-3.447489911667919182e-01,-3.538861924343883469e+00,-8.468930899758190245e-01,2.030981962618649828e-01,3.228996543174593725e+00,-4.778555433139367814e+00,-6.877896946789969768e-01,-1.950211347396978434e+00,6.751846366150761058e-01,2.329355372857058182e+00,2.794228695608441893e+00
1.780000000000000027e+00,-1.053132385912674267e-59,1.519965454795760840e+00,-2.595508112580778182e+00,2.647756046638091831e+00,1.645885838871222528e+00,1.626664810221152058e+00,-7.010510720361671222e-01,-1.941684096429904471e+00,1.254458678603957988e-01,-3.690024806976401894e+00,-9.166454030188889712e-01,2.772730150131089699e-01,3.234280783763209488e+00,-5.090643429656322105e+00,-1.953669355698872678e-01,-2.661703597241376951e+00,5.237506404387081149e-01,2.558947544064452906e+00,2.452711897426366416e+00
1.790000000000000036e+00,3.186183822264904554e-58,2.590115309664666743e+00,-2.931123729119066823e+00,2.337590133788921776e+00,1.170375566116332422e+00,2.099035907856859673e+00,-6.911496265716710052e-01,-1.631315548587969566e+00,1.440553858798979125e-02,-3.516242320933875121e+00,-1.975952866766045313e-01,2.824312585875265458e-01,3.641678622393985432e+00,-4.812878609091344906e+00,-3.657929966164290003e-01,-3.431116572162193457e+00,3.076112289905608699e-01,2.697611273009404620e+00,2.001402661955670403e+00
1.800000000000000044e+00,-1.289906879297308043e-56,4.142688487437180100e+00,-3.351086018276511869e+00,1.788782039219993125e+00,5.448236417435829981e-01,1.587255240010559287e+00,-1.207764772144958476e+00,-9.598336610295858939e-01,-6.247991064752238533e-01,-3.854129015297711458e+00,9.058752773654955570e-01,1.747177110045626258e-01,4.057430005696479824e+00,-3.800617855392024680e+00,1.705505472814581758e+00,-3.540650479870680378e+00,1.386385962927520754e-01,2.786967495227360647e+00,1.576441449934605776e+00
1.810000000000000053e+00,0.000000000000000000e+00,4.064492435912853807e+00,-3.661558342238043995e+00,1.509497189475527357e+00,-1.338330273079460786e-01,1.308164495565055541e+00,-3.105953997872385131e+00,-6.834165972143738665e-01,-1.763981931355410815e+00,-3.367965380092636796e+00,-2.170168644964736993e-01,-4.976157542422902924e-02,3.411836060860547359e+00,-2.824283222513518599e+00,1.839324366363601637e+00,-3.571795235240594835e+00,9.372820540385413957e-02,2.706855472432291077e+00,1.325773326621418002e+00
1.820000000000000062e+00,-2.271248686246748634e-53,3.848050146252722570e+00,-3.650317964982789487e+00,1.429948758972551914e+00,-6.870103299656141749e-01,1.596420617963994371e+00,-3.092320382876454943e+00,-3.716094503864091347e-01,-2.376636124292312413e+00,-2.756324985919393011e+00,-2.883350719683250851e-01,-3.297553149850792620e-01,2.288073785906182156e+00,-3.245544736214179604e+00,6.895603305095552304e-01,-3.313714714980195986e+00,2.216045493709664360e-01,2.362486086504218097e+00,1.202762062556427480e+00
1.830000000000000071e+00,0.000000000000000000e+00,4.679497322184566599e+00,-3.332121867381098390e+00,8.926278323680982840e-01,-1.037390926867668872e+00,2.013368918515703765e+00,-3.996100102365618856e+00,-2.236916212752862176e-01,-2.396746143971093979e+00,-2.987818066414233531e+00,-4.707865442727467986e-01,-5.575280839977888592e-01,1.325479242103538846e+00,-2.169154233110926366e+00,1.182601885719780643e+00,-2.910742176638702272e+00,5.062478779137317142e-01,1.963334890490873175e+00,9.606064301825987251e-01
1.840000000000000080e+00,-6.307372265393874517e-51,3.970590330030904891e+00,-2.677650328750565745e+00,2.187795347334002272e-01,-1.314968151890339332e+00,2.632190038866766280e+00,-5.589916127644886323e+00,2.722826593711804577e-01,-3.076288318605036487e+00,-3.391660250541080224e+00,-1.071768201077879068e+00,-6.794903444659402547e-01,7.746543100933878101e-01,-4.387033632300248343e+00,2.051997574472971042e+00,-2.905373265110061443e+00,8.966041529165014179e-01,1.472357861133547274e+00,4.504898507935177765e-01
1.850000000000000089e+00,0.000000000000000000e+00,3.603249546055781405e+00,-1.710441757314488997e+00,-7.504023490637394544e-02,-1.626430605849449762e+00,3.822491491120046270e+00,-5.226277122213487836e+00,1.746769822596888400e+00,-4.037491152000918682e+00,-3.450897110845087212e+00,-1.925014222397528618e-01,-7.233741292910547127e-01,-8.760066451266628612e-03,-4.774352535744562864e+00,4.048032386355870038e+00,-3.284364627364099398e+00,1.320343134434759813e+00,8.956507365937946830e-01,-2.530175696535759133e-01
1.860000000000000098e+00,-9.022975238216005643e-48,2.985088304381410040e+00,-5.530288950933860415e-01,-2.785658501051241909e-01,-1.910176961679570518e+00,3.384921512701969615e+00,-4.683238450618688375e+00,3.476529825008679353e+00,-5.139032211205838863e+00,-3.251291086730302204e+00,5.214747547961613439e-01,-7.478970902694755951e-01,-1.538356360637640197e-01,-4.090825689139307997e+00,2.251839854251826534e+00,-3.422883854713753227e+00,1.664127717370939230e+00,2.724661413111578168e-01,-9.240694178537914860e-01
1.870000000000000107e+00,0.000000000000000000e+00,3.877607268888696002e+00,5.363380512551431112e-01,5.182608184166015430e-01,-2.030806342563169054e+00,4.626853680857704987e+00,-3.982872458287941342e+00,3.760305133795212917e+00,-4.164191777893089252e+00,-2.246072302470502713e+00,-2.273081889644889220e+00,-7.698397106480893148e-01,-2.083752137263327753e-01,-4.908497875097970642e+00,3.639648695671408696e+00,-2.614476333144143627e+00,1.845878763664760669e+00,-2.822643650490865852e-01,-1.466713221254871469e+00
1.880000000000000115e+00,1.311348859246587728e-44,3.085512359985214559e+00,1.556384215810014515e+00,2.305590536618311592e-01,-1.916251646544425258e+00,3.936441904717163265e+00,-3.503033955394900367e+00,4.706443547981291609e+00,-3.821214624003693050e+00,-1.779367564222384734e+00,-1.753578770035682410e+00,-7.685493681042379066e-01,-1.117790990265638218e+00,-2.523446373576754276e+00,4.758853420683204050e+00,-2.324344232100264751e+00,1.928002047968315535e+00,-7.213910390041633480e-01,-1.903445438498301501e+00
1.890000000000000124e+00,0.000000000000000000e+00,3.391984959044891390e+00,2.510730613966092317e+00,8.337484957657163021e-01,-1.670681516102682451e+00,3.775809177849045017e+00,-2.878326065775901110e+00,5.091723351360391447e+00,-2.955190675126162958e+00,-5.513317445022116736e-01,-3.435675287160675939e+00,-7.253104589420700243e-01,-1.682111798758158416e+00,-2.097813971426064850e+00,2.814171345395960699e+00,-2.311108552444027353e+00,1.991874557482406605e+00,-1.051003171800680036e+00,-2.305961659939848918e+00
1.900000000000000133e+00,-7.006686961399240239e-42,3.471443289130065502e+00,3.253259334352926579e+00,4.947038844979733119e-01,-1.463317129873731526e+00,5.099779273761746445e+00,-2.844866644640240416e+00,5.713443360500908064e+00,-2.586422859340014480e+00,1.019528335439289501e-01,-1.643641469273447564e+00,-6.601311216727269171e-01,-1.289981503075272151e+00,-5.371276983580169917e-01,3.101162427282171397e+00,-1.918024661295346878e+00,2.017726552094578185e+00,-1.227798850071040837e+00,-2.736665089796777028e+00
1.910000000000000142e+00,-7.346839692639296925e-40,3.245068671554404816e+00,3.717789655009389183e+00,5.193304004913820160e-01,-1.389575074187267445e+00,3.662763805587947008e+00,-3.546423831754722311e+00,5.954912721073528203e+00,-2.474428489835239997e+00,1.069419924041205006e+00,-1.921523901014490221e+00,-6.304467077586188850e-01,-1.198321255276914021e+00,3.570544374242562435e-01,4.130505507177536728e+00,-1.560785867917565239e+00,1.981990174448496900e+00,-1.155996707274396629e+00,-3.104250874089505174e+00
1.919999999999999929e+00,1.454670637180238255e-38,3.547202446500206552e+00,3.918534871452977963e+00,4.789990838059649536e-01,-1.340994706365351119e+00,3.313507898693893949e+00,-3.243950747403767210e+00,6.979422775922151878e+00,-1.078253967448809192e+00,1.886561447013887505e-01,-1.362937914937409234e+00,-6.788460726996964345e-01,-1.031437119097783794e+00,1.233672263081143416e+00,4.061834312587265572e+00,-1.793930144896602519e+00,1.975145776781108919e+00,-8.472083287736286161e-01,-3.220552756276506834e+00
1.929999999999999938e+00,1.224485457142015462e-33,2.482574638684193591e+00,3.961199148397024583e+00,4.782842817954467418e-01,-1.108516001426672615e+00,3.215082566346513904e+00,-2.733750283842160123e+00,7.750306139123972926e+00,-4.347875787343356835e-02,9.598399187601134308e-01,-7.456126073766478068e-01,-7.995265147658719984e-01,-5.277016930500439962e-01,1.570795835956329212e+00,5.503355961166513488e+00,-1.335180192539331179e+00,2.079313267046399627e+00,-4.790485280631517351e-01,-3.019176596865225548e+00
1.939999999999999947e+00,8.441577064171273327e-36,1.204528424026012567e+00,3.951407185248136944e+00,-9.539189289262148264e-02,-5.950910527565999031e-01,2.390367399670940696e+00,-2.821734155253448950e+00,7.688052161358737813e+00,1.469559103442202197e+00,1.673408568982937439e+00,-7.726836636506186906e-01,-9.557145082439564288e-01,1.018922439193793161e-01,1.986700653737896616e+00,5.141069818730647611e+00,-1.815138241498387150e-01,2.231372024538406329e+00,-1.626622740360061381e-01,-2.605569566034277251e+00
1.949999999999999956e+00,7.309669365664464580e-34,1.782941689582163702e+00,3.808024323561621571e+00,-3.041112440763652988e-02,8.894852037301519132e-02,3.531400917274423179e+00,-1.447142469744556070e+00,8.111953679196806988e+00,2.813021944275594155e+00,1.677704794291335899e+00,-1.007105884741961166e+00,-1.105461883552587343e+00,8.296924322394586548e-01,3.080414306189481088e+00,1.777303666799710635e+00,1.873381020930393159e+00,2.310437577199167869e+00,5.260101623624263700e-02,-2.141355847317522265e+00
1.959999999999999964e+00,1.426287673880420872e-32,1.071613771819460048e+00,3.624055323879974200e+00,-2.425005490434028188e-01,6.843358084002553188e-01,2.552503024244150875e+00,-1.260211130256996270e-01,7.993859347595630105e+00,4.113018445631018594e+00,1.203339893049546694e+00,-9.615554628697153827e-01,-1.234565860975354923e+00,8.773194320971432481e-01,2.632689605310210457e+00,8.271677701519893899e-01,2.943958885845511908e+00,2.209325352697447897e+00,4.719972169021618286e-02,-1.702222417097057683e+00
1.969999999999999973e+00,5.503225573823759267e-31,-5.945351356589981817e-01,3.717789655009389627e+00,-5.667568263887063917e-01,1.013574488937434070e+00,1.938692591577886537e+00,5.993014227281462381e-01,8.284939784248132710e+00,5.404188681819934281e+00,1.168607439734958842e+00,-7.679067951962678107e-01,-1.350766460119952272e+00,1.103626528558717679e-01,4.375169401634414257e+00,6.632523912169946412e-01,4.127565966070903869e+00,1.870972018432286443e+00,-2.213056741328390531e-01,-1.228115890698006085e+00
1.979999999999999982e+00,9.847296778182793192e-30,-5.627407847629491977e-01,3.921333127503519922e+00,-3.310574514793725442e-01,1.115799834840767391e+00,1.552428436871937434e+00,1.482966460921016472e+00,8.115029483275597144e+00,6.770099422940282885e+00,1.363026511453694800e+00,4.269527643758412316e-01,-1.499901701675997234e+00,2.056566581342799682e-01,4.392588195242288052e+00,1.028836699085919015e+00,4.321072802150559333e+00,1.353052043310604580e+00,-6.411202222560795638e-01,-7.517992503558816875e-01
1.989999999999999991e+00,-1.290897386177140607e-28,-1.312708908794689711e+00,4.122054744822494676e+00,-8.275318532631118287e-03,1.133991936428046632e+00,1.662406793648391945e+00,3.222374958361844954e-01,8.765000902094232771e+00,6.255801191858321175e+00,1.745716563986977388e+00,4.613245223376776782e-01,-1.690376099553199785e+00,2.671273528875167669e-02,4.872947659109333252e+00,1.653388060946353877e-01,4.786043567932635412e+00,8.220405663853102007e-01,-1.030158707414193797e+00,-3.628925692458003227e-01
2.000000000000000000e+00,2.298305051057655861e-26,-1.448255169225309003e-01,4.390579870983239097e+00,1.648748796160615371e-01,1.218019144931088649e+00,1.753589180981748985e+00,4.583008596400688361e-01,9.475737442795869825e+00,5.785308468820983485e+00,1.717079444760189366e+00,1.321363783517322865e+00,-1.858268305604096948e+00,-1.080705191568257950e+00,4.784130655162458723e+00,-1.369875824725431401e-01,5.502315339976942887e+00,4.506923524651894608e-01,-1.307324160298102278e+00,-2.000296812961560866e-01
2.010000000000000231e+00,-1.654361225106055350e-24,-1.497394436524484895e+00,4.917716980366898305e+00,-1.193138370889590266e-01,1.427634278749073005e+00,1.294873420178464407e+00,2.261622991752675615e-01,1.039488656162676072e+01,6.265611179560772293e+00,1.254541137146939267e+00,-8.170925036985912659e-02,-1.900889061037262406e+00,-1.365751655602380543e+00,5.062754862954886192e+00,-2.613259170520587649e+00,6.681684945284554367e+00,3.669757961397521751e-01,-1.436271658283136965e+00,-2.826279835180228739e-01
2.020000000000000018e+00,0.000000000000000000e+00,-1.902041596849109784e+00,5.507587469079959774e+00,-8.860855742193679552e-02,1.697845370229146278e+00,1.473150092093395092e+00,-1.726264908285003452e-01,1.128661836124311968e+01,5.017488687398896197e+00,5.110696790592934580e-01,2.157446875315440771e+00,-1.755594236853396550e+00,-1.703310701943324679e+00,5.461804834257495855e+00,-3.790670906287815445e+00,7.656826088114541129e+00,5.754981073437208661e-01,-1.309640570323801656e+00,-4.797897014559338036e-01
2.030000000000000249e+00,6.213583898761310222e-22,-2.476742994561754507e+00,6.299818915267689334e+00,3.885191857323597175e-02,1.912599040927759120e+00,1.254541137146939711e+00,5.304519380510958060e-01,1.150298400524457598e+01,4.572578465329268482e+00,1.301087352284691079e+00,2.820874153571343967e+00,-1.432111520410718208e+00,-1.816197976556377824e+00,6.099537687581953804e+00,-1.687577427535378760e+00,7.825755924623471138e+00,9.399727932417663023e-01,-9.529620604783693993e-01,-6.154003334069036990e-01
2.040000000000000036e+00,-4.546098920779288280e-20,-3.089968634169553585e+00,7.818998358269581672e+00,3.319392295243220881e-01,2.021696830916954735e+00,1.088617727986882056e+00,5.226187554818302328e-01,1.256906565588054470e+01,4.246578848893292069e+00,6.239004917409608497e-01,1.657880496655408598e+00,-1.000895810288985111e+00,-1.967787669346611645e+00,5.906015604627080862e+00,-1.043608061345019600e+00,8.370133331324430159e+00,1.251882155902545035e+00,-5.037429339004011464e-01,-5.904584157315186932e-01
2.049999999999999822e+00,5.777472359629203774e-15,-4.447934371210651605e+00,8.832671091262531249e+00,1.216772403194263524e-01,2.045073910826703756e+00,7.576386175404499213e-01,3.045076750566328427e-01,1.337356349110229559e+01,3.808148698532185072e+00,9.841916304559382711e-01,1.838834947310677537e+00,-5.381684931981930431e-01,-1.320183133790327368e+00,6.227961361878216806e+00,-1.602129130326777950e+00,8.925002605557340374e+00,1.318061376088845327e+00,-6.158628423842889277e-02,-4.306928450008021270e-01
2.060000000000000053e+00,1.110223024625156540e-16,-5.223111543537505064e+00,9.748859742507018922e+00,1.648748796160615093e-01,1.953294709149300257e+00,7.498462639809631014e-01,8.595709905090359593e-02,1.430267360495736284e+01,3.863548222406202992e+00,1.163235576980130137e+00,2.417826432300695050e+00,-8.266147429984740946e-02,-7.840525943057780056e-01,6.143043578829542994e+00,-3.123946163478142690e+00,9.004965189538692627e+00,1.070830007908724735e+00,3.526891600475535737e-01,-2.763945346196321484e-01
2.069999999999999840e+00,-8.855887447440874638e+00,-4.553746862772804604e+00,1.064018096638815791e+01,-3.642674577935547386e-01,1.679659192775523557e+00,5.815813617986891337e-01,3.020341749369062634e-01,1.484896118935354181e+01,3.786146281716523454e+00,6.127968606989299127e-01,2.582490235938756928e+00,3.546675563525310548e-01,-1.222693291250374292e+00,4.993450853766941755e+00,-4.075086320200153267e+00,9.124015242146603200e+00,5.945231333094521675e-01,6.380741317582754313e-01,-2.826279835180229294e-01
2.080000000000000071e+00,-1.775800861407502396e+01,-5.602315422830509206e+00,1.151641879007257430e+01,-1.885832083656259484e-01,1.333224027718039384e+00,1.959334442810598265e-01,-5.154044959611702170e-01,1.501302530266818458e+01,3.077580127416752021e+00,1.474533117108491331e-01,2.279534493210023438e+00,7.938207741725482602e-01,-1.817788918289053868e+00,4.590459741654696835e+00,-5.135717463591928933e+00,8.660564833233417303e+00,3.283081120555946669e-02,7.020859672007381258e-01,-4.875824315682394383e-01
2.089999999999999858e+00,-2.670491107867310632e+01,-5.536684751423076811e+00,1.235741414516063941e+01,-5.035437840574032986e-01,1.031767664752475167e+00,-5.058833632251039658e-01,-3.462762443704782145e-01,1.508350314986153151e+01,2.955723333546266929e+00,-6.624466659085411768e-01,2.636845162800701470e+00,1.228349042385358691e+00,-2.339395065047297884e+00,2.847849323682996037e+00,-4.289528873167105516e+00,7.443059641459749187e+00,-4.780250858859081964e-01,6.804922529203139003e-01,-7.182839134631933131e-01
2.100000000000000089e+00,-3.569829083591091745e+01,-5.671356405672697498e+00,1.290996409874356843e+01,-2.535699141219848740e-01,9.295390869828228375e-01,-4.751435192827945242e-01,-1.187954408529739769e+00,1.479120516391446571e+01,3.061857263593265710e+00,-5.767787871973594216e-01,1.140036896771772224e+00,1.626035232740862702e+00,-2.956088986692678944e+00,3.012427299514102153e+00,-4.960423413404658532e+00,6.091210391462551499e+00,-8.199507773436540692e-01,7.267649096550496957e-01,-6.995771957724862267e-01
2.109999999999999876e+00,-4.474040984481112559e+01,-5.300802732982057286e+00,1.285569190200371104e+01,5.456071252711571645e-02,1.105405251033999114e+00,-3.356772734319190543e-01,-1.256875008739844812e+00,1.467214937404886754e+01,2.533089800516445056e+00,-1.084031239739184249e+00,1.584729952787778284e+00,1.910869717558075553e+00,-2.845777037538232079e+00,1.881337795741008900e+00,-5.514115447676784854e+00,5.274751149207014933e+00,-9.121054413654303694e-01,8.000278527971029785e-01,-1.945756725026404621e-01
2.120000000000000107e+00,-5.382821738875462358e+01,-6.256291761489409353e+00,1.264484538070457731e+01,5.878584272735152272e-01,1.405115504726426989e+00,1.087942540821228155e-01,-2.332719080496304720e+00,1.519640245847662285e+01,1.875146698306367599e+00,-1.019138075651424336e+00,1.970167229997212166e+00,2.015897039015050574e+00,-2.836761567829721109e+00,3.116674103497321546e+00,-3.886372538952366007e+00,5.401891589536764293e+00,-7.125684797070657162e-01,1.367517252196164712e+00,7.760473294852104909e-01
2.129999999999999893e+00,-6.296398162511896146e+01,-4.612225007404302524e+00,1.200519210683590998e+01,8.087682539081910704e-01,1.565343926552075215e+00,6.650279560739416063e-01,-3.398900607268517504e+00,1.594290467638267828e+01,1.673740644749120987e+00,-5.441621675080299259e-01,2.345344224117118959e+00,1.978526476837862758e+00,-3.755519578183375451e+00,4.605787142923685629e+00,-2.756546936982580576e+00,5.229875417135623650e+00,-2.267666929793517860e-01,1.897057549806652199e+00,1.963269178160137685e+00
2.140000000000000124e+00,-7.215001628628699848e+01,-5.236110769686805000e+00,1.102472236728747745e+01,1.283682404349240302e+00,1.431965710066791297e+00,9.698945145377437793e-01,-3.308408731794523661e+00,1.643332991264499654e+01,1.484115015680272043e+00,-9.660764999978777023e-01,2.696918128916578894e+00,1.865118111098317266e+00,-3.714131799505472564e+00,4.018032550369272649e+00,-2.295633250211185583e+00,4.529880904770559269e+00,4.316657458271528358e-01,2.071222527291920468e+00,2.995684182103239834e+00
2.149999999999999911e+00,-8.138323817469981236e+01,-2.879456708974600154e+00,9.925209395820203895e+00,1.031433735620664649e+00,1.097607542085400123e+00,1.844310206991500056e+00,-2.871717367004297916e+00,1.728735335771392201e+01,6.962800222513831905e-01,-1.017703770358182824e+00,1.090090081414108569e+00,1.729793083578815560e+00,-3.620752252430507134e+00,4.162986931407584912e+00,-1.555523375864746205e+00,3.099086935107155938e+00,9.879047432682133145e-01,1.880872599524205269e+00,3.590580755571220806e+00
2.160000000000000142e+00,-9.066596793171936497e+01,-4.245919052327210785e+00,8.820813884725330567e+00,1.049988332331524665e+00,7.146634288552905501e-01,1.196789982811365283e+00,-1.865309878063434290e+00,1.769361371488623291e+01,1.152024679278117469e+00,-1.005513955583243080e+00,2.280170748906165556e+00,1.597678064598124337e+00,-3.015489572833277343e+00,4.981261775193162045e+00,-7.823067207605889362e-01,2.236259912269529693e+00,1.164401644579116990e+00,1.618817560268028144e+00,3.753849537128227887e+00
2.169999999999999929e+00,-1.000005735141604220e+02,-4.047021315407251407e+00,7.833652644335236559e+00,1.239443536184584582e+00,3.195009220521565219e-01,2.529144896205839821e+00,-2.089500925671505804e+00,1.768961238294066263e+01,1.224036131716860210e+00,-8.682064797133236533e-01,2.812610579478759032e+00,1.482956082410589405e+00,-2.627298205076209037e+00,5.627875663120766703e+00,1.429071747772261203e+00,1.405129343362393257e+00,9.559502573701211814e-01,1.502422598912623863e+00,3.733636125725061206e+00
2.180000000000000160e+00,-1.000005735141604077e+02,-3.050398686646820678e+00,7.017685599277553088e+00,1.300092640264788102e+00,-1.060932732579956406e-01,2.610665329804719548e+00,-1.884713778481231117e+00,1.799954170756430472e+01,4.195466247437803498e-01,6.289805287172783865e-02,1.750427686191403431e+00,1.424947886388856944e+00,-2.404075957507621375e+00,6.011480584626561985e+00,-8.872960863177180579e-01,6.775174285702133536e-01,5.618016206354558006e-01,1.589526265716088682e+00,3.858022341574120606e+00
2.189999999999999947e+00,-1.000005735141604077e+02,-2.779928253674489813e+00,6.307501806272076017e+00,1.580838235813981196e+00,-5.656086427736127797e-01,2.513114524290253282e+00,-8.367933542542865810e-01,1.765548672906868433e+01,-1.592548886461006286e-01,6.127968606989299127e-01,1.191255583450367306e+00,1.454596570552150636e+00,-2.146954663208021863e+00,5.816904774644014786e+00,1.886174791375475834e+00,1.757234561888698920e-01,2.002921927971813565e-01,1.817673926200036094e+00,4.318175030709871187e+00
2.200000000000000178e+00,-1.000005735141604220e+02,-1.997195173655402334e+00,5.578860591970525640e+00,2.016315510041253756e+00,-9.411156722462230562e-01,2.465024246695618260e+00,-8.842423586785355116e-01,1.730901002568932512e+01,-1.029791467376107272e+00,9.465911564087725605e-01,2.237568764194057369e+00,1.574476556962465246e+00,-1.834218336720810028e+00,5.460412128550824029e+00,2.803391142797178048e+00,-4.155443076460332841e-01,9.868033807662861950e-05,2.180645758680634039e+00,5.100619904601654930e+00
2.209999999999999964e+00,-1.000005735141604362e+02,-1.578316649142201156e+00,4.687026837766410381e+00,2.596065298525983334e+00,-1.056472005355715948e+00,2.625320553502140886e+00,-1.192082776057828086e+00,1.703286249968090260e+01,-4.325803606568935367e-01,1.219451597966143330e+00,3.730250213719144003e+00,1.742036207031123052e+00,-1.358862850357936081e+00,5.852061716297906280e+00,2.196236575394044710e+00,-1.069211319089968359e+00,-3.187404349476880006e-02,2.773101819227348663e+00,6.026353754374758509e+00
2.220000000000000195e+00,-1.000005735141604220e+02,1.031521975967465865e+00,3.929026581010979680e+00,3.411880984324736854e+00,-8.032174826433065018e-01,2.741640046784714624e+00,-4.799265068600228612e-01,1.696199251955208354e+01,-2.458959779202790907e-01,2.531234901405652327e+00,3.679106589436989427e+00,1.902492850704425642e+00,-5.573601002141903571e-01,5.597238817807699718e+00,2.434137752442642189e+00,-9.058610648733803616e-01,5.262179041368546251e-02,3.646393225998530774e+00,6.974096501788383584e+00
2.229999999999999982e+00,-1.000005735141604220e+02,3.367960830124353766e+00,3.465252692183176997e+00,4.530730445926208994e+00,-2.369996567307596502e-01,3.002643794440801539e+00,-4.815768311285955616e-01,1.789717934143464007e+01,3.212448096428292821e-02,2.374159398821109157e+00,3.825545559515308724e+00,2.061644661041483584e+00,3.035902821426278431e-01,6.310439373233792892e+00,2.417963008910381184e+00,-1.029162670058115930e-01,1.477718316161544532e-01,4.491544062899940570e+00,7.858498984685544642e+00
2.240000000000000213e+00,-1.000005735141604220e+02,5.891015450236461781e+00,3.281247262448158786e+00,5.587290440906206967e+00,4.772302511736086772e-01,3.641251906080494205e+00,-5.590764386407560266e-02,1.953354095846247773e+01,5.911812649624825777e-01,3.518085434018984436e+00,5.025493168767189545e+00,2.280696351261775945e+00,2.199241642924049778e+00,5.808201699456357225e+00,-4.184413599231213143e-01,1.768820656207068520e+00,1.317869070777739626e-01,4.915502106143229355e+00,8.586627749673015231e+00
2.250000000000000000e+00,-1.000005735141604220e+02,1.091906517538446408e+01,3.149703349397485308e+00,6.713270069557282227e+00,1.154782428439359743e+00,5.174321101462807881e+00,1.370885300108910299e+00,2.198624254000080924e+01,2.093832928956399275e+00,4.329964681973518026e+00,4.362592602501134564e+00,2.651733523785962721e+00,3.603109607651775015e+00,5.029321911273259893e+00,1.593926477645963846e+00,4.390203417853252077e+00,6.949159525898189471e-03,4.923964533153005974e+00,9.040100505496299732e+00
2.260000000000000231e+00,-1.000005735141604077e+02,1.430299468211248559e+01,2.886583805946416614e+00,7.900002969444577694e+00,1.661472824278682925e+00,6.433705746506401368e+00,3.385189329808893532e+00,2.461527711126764117e+01,4.573756052166475961e+00,6.082553549345902866e+00,4.275265686530524967e+00,3.225523243485976632e+00,5.626036156221861262e+00,5.173842980712279882e+00,3.524490078491453904e+00,6.949271951303462203e+00,-1.597691125359859132e-01,4.670833418058117914e+00,9.174955217448724554e+00
2.270000000000000018e+00,-1.000005735141604220e+02,1.783670794691656170e+01,2.541531035765863145e+00,1.046977205515755571e+01,1.995722119593839050e+00,7.201685707100176081e+00,4.842874068162840828e+00,2.763583166618719389e+01,7.191308635171324681e+00,7.611136452010725861e+00,6.725079636591826393e+00,3.934287957684754033e+00,8.787963279982740517e+00,4.536466564525405865e+00,4.901522265648895704e+00,9.880765619251379306e+00,-2.655951375285007243e-01,4.449219217300541374e+00,9.157904786109368089e+00
2.280000000000000249e+00,-1.000005735141604220e+02,2.167744845976923429e+01,2.659121477513910925e+00,1.283941317624903711e+01,2.254590665090211665e+00,8.119983497964064156e+00,5.600646965004178135e+00,3.033177438043789564e+01,9.266054474611696179e+00,9.713898911898567690e+00,6.468201648491303857e+00,4.651126241494687008e+00,1.244199672543307855e+01,4.472017882709512726e+00,6.816975251225164456e+00,1.318066043044968616e+01,-2.282886477184624119e-01,4.335321546938235571e+00,9.297401346794931243e+00
2.290000000000000036e+00,-1.000005735141604220e+02,2.636666136557172280e+01,3.060134272362947883e+00,1.547971321880264561e+01,2.578338005290698121e+00,9.280970311536460571e+00,8.004579706259427496e+00,3.311869784746988898e+01,1.329908524983092022e+01,1.223470120895855473e+01,8.159086115311149356e+00,5.250621957848390586e+00,1.625932959952134027e+01,4.985441045479681144e+00,9.603308342517568263e+00,1.631680685899495131e+01,-7.526703641226253905e-02,4.336091746018421844e+00,9.811891778392388019e+00
2.300000000000000266e+00,-1.000005735141604362e+02,3.030711409607743079e+01,3.717091736688147297e+00,1.788102677032792087e+01,3.063844663585231665e+00,1.060347445216265072e+01,9.907445104403761249e+00,3.575674536894226918e+01,1.863604416577289058e+01,1.459906600229328610e+01,1.015565185136582116e+01,5.716825396042938046e+00,1.991439397198513106e+01,5.624393367920891507e+00,9.783491064828986339e+00,1.929502484781553306e+01,9.601157798481282923e-02,4.521554688697714930e+00,1.070258868526340201e+01
2.310000000000000053e+00,-1.000005735141604220e+02,3.420624483484910172e+01,4.486370717184563262e+00,1.985552136124713130e+01,3.652156461627150463e+00,1.187349442473152017e+01,1.154851601571095365e+01,3.825333639815871578e+01,2.328383030595396264e+01,1.720572233890285574e+01,1.136260559299446449e+01,6.152048587283297287e+00,2.415706887765734834e+01,5.784530286909337349e+00,1.086184885138044010e+01,2.222263288920385804e+01,2.337821791888125833e-01,4.857030473410892668e+00,1.177237004926590735e+01
2.319999999999999840e+00,-1.000005735141604362e+02,3.803201177412193346e+01,5.163754084267590194e+00,2.316166395589075222e+01,4.190977426890516000e+00,1.315305200618722736e+01,1.375069342839483788e+01,4.071381815733342791e+01,2.801719775277959457e+01,2.010811401141023325e+01,1.331694190333118399e+01,6.720181987142766822e+00,2.859717551659603885e+01,6.334103596091353872e+00,1.206284859839405321e+01,2.479846091929104190e+01,3.806755551274157989e-01,5.274745971304966474e+00,1.283298275385967102e+01
2.330000000000000071e+00,-1.000005735141604220e+02,4.109884370202897941e+01,5.831091176537883669e+00,2.627689918839206484e+01,4.545486840219237656e+00,1.568206559671653544e+01,1.599584001026063262e+01,4.239767499248445404e+01,3.329050591015348459e+01,2.292715297049996437e+01,1.564390457828197967e+01,7.554693228958237583e+00,3.377740035794499818e+01,6.803138365777322782e+00,1.549165187640581109e+01,2.807499117981426195e+01,6.226786804655344287e-01,5.791559793304286607e+00,1.385043484651625612e+01
2.339999999999999858e+00,-1.000005735141604220e+02,4.340203069631277799e+01,6.635745366866287576e+00,2.967329605575652351e+01,4.719257835883155394e+00,1.586795707123354759e+01,1.892229967379314814e+01,4.461455067519345619e+01,3.789646970773261359e+01,2.496549266506157494e+01,1.632236857525901996e+01,8.672523047191058154e+00,3.922634978135398853e+01,7.979692380541152374e+00,1.579293416981278675e+01,3.231194242146317208e+01,1.000838286992259629e+00,6.607992704134154849e+00,1.488891965130912531e+01
2.350000000000000089e+00,-1.000005735141604220e+02,4.617034778544652340e+01,7.525877966208986081e+00,3.288369389995447278e+01,4.859298940271253642e+00,1.608109234217907613e+01,2.109353129731935184e+01,4.689847994781806761e+01,4.267347847994977172e+01,2.766027446128276068e+01,1.538424560786789108e+01,1.001989584644984532e+01,4.367861788784325228e+01,7.933103075714340591e+00,1.836155913528736505e+01,3.643676226884706892e+01,1.507456112524930836e+00,7.756652058415292927e+00,1.598159257116607712e+01
2.359999999999999876e+00,-1.000005735141604220e+02,4.704568908997723042e+01,8.296257929966866840e+00,3.620178616991245235e+01,5.147988016133346889e+00,1.660223548704227525e+01,2.344880158078788313e+01,4.876959777278127461e+01,4.801960098693068346e+01,2.955004632732771697e+01,1.678430251823419539e+01,1.150271572122921171e+01,4.833727177139612508e+01,8.808675838018066528e+00,1.878384197719400817e+01,3.928316773867341283e+01,2.157624970334857561e+00,8.820882782150663459e+00,1.714454968814787250e+01
2.370000000000000107e+00,-1.000005735141604077e+02,4.879504505465200737e+01,8.983309451626938724e+00,3.989595947555567079e+01,5.683751910783383821e+00,1.811979086636818082e+01,2.519984203696078140e+01,5.037474036403393995e+01,5.339011925768647870e+01,3.096936811696645009e+01,1.680038131384317523e+01,1.302332311322906300e+01,5.221609369033083681e+01,7.985253372672693750e+00,2.154933138730636699e+01,4.124398911035810045e+01,2.901031022231602030e+00,9.946595157552945210e+00,1.838073400988740147e+01
2.379999999999999893e+00,-1.000005735141604220e+02,4.938116987025989602e+01,9.720280676168092882e+00,4.332008870931594657e+01,6.408499156298157473e+00,1.815700821326844761e+01,2.733115033914313230e+01,5.180279904672536162e+01,5.726577272572443889e+01,3.229362641304816606e+01,1.644251477735328493e+01,1.452596581107036400e+01,5.459811716947939431e+01,7.766906821792106008e+00,2.453198361212366407e+01,4.276629781536745867e+01,3.679058217788375718e+00,1.107771024326898868e+01,1.960679119487220134e+01
2.390000000000000124e+00,-1.000005735141604220e+02,4.888084671491997568e+01,1.054403140834049246e+01,4.649939377693326037e+01,7.175242067326363049e+00,1.882725461952934154e+01,2.987375128573686567e+01,5.302423202092305132e+01,6.063779548293013022e+01,3.377184350191426176e+01,1.747114275849678577e+01,1.596530718956643824e+01,5.706242228710778619e+01,7.930669747442987472e+00,2.288180477473926189e+01,4.412012006970959987e+01,4.351195177123556412e+00,1.198513498233089436e+01,2.072651495397568411e+01
2.399999999999999911e+00,-1.000005735141604220e+02,4.962258220838936751e+01,1.129566029426484697e+01,5.028370367717456446e+01,7.873476931576281146e+00,1.998834002241731866e+01,3.076812641698894168e+01,5.415723735001911621e+01,6.386664418470687110e+01,3.391590682909841092e+01,1.569185662832706996e+01,1.729616003543584313e+01,5.897167695988382263e+01,8.893462974452873482e+00,2.436430744842115814e+01,4.545374425013104513e+01,4.786993117710449219e+00,1.259262901647798927e+01,2.165162850239293846e+01
2.410000000000000142e+00,-1.000005735141604077e+02,4.891864562623745627e+01,1.192095612427129403e+01,5.313071178903543057e+01,8.494660639468797569e+00,1.974122244397331372e+01,3.379673800998633482e+01,5.574519246633165892e+01,6.681975171705765604e+01,3.485729215384982638e+01,1.555998443675306042e+01,1.850154077090285298e+01,6.108787945281843434e+01,8.182020346659985677e+00,2.464874699727730700e+01,4.706344702103314859e+01,4.945645213606973734e+00,1.301537442612862172e+01,2.235013787667224605e+01
2.419999999999999929e+00,-1.000005735141604220e+02,4.985616442281011729e+01,1.264414933328028923e+01,5.583823223079393472e+01,9.077680605904854261e+00,2.112236789434103557e+01,3.518257813316252225e+01,5.600763785750793033e+01,6.899306513326790480e+01,3.563951618122268172e+01,1.431964597081981516e+01,1.964485640307017533e+01,6.239119265356987398e+01,9.289199624416795587e+00,2.692490752618300220e+01,4.843753528572307232e+01,4.926669669904274684e+00,1.370594411968662207e+01,2.281309084568557566e+01
2.430000000000000160e+00,-1.000005735141604077e+02,5.005643748430941997e+01,1.355415128975970873e+01,5.874584302164276295e+01,9.623436121318444947e+00,2.248656929808010574e+01,3.607906478796805061e+01,5.620398617066359748e+01,6.926926685432870556e+01,3.578202004391089019e+01,1.529179291167110577e+01,2.079315301699396557e+01,6.290540023792931379e+01,1.064006912566243734e+01,2.732219006610056056e+01,4.928076917085635245e+01,4.940331668022934331e+00,1.488815069991984075e+01,2.312908947577221497e+01
2.439999999999999947e+00,-1.000005735141604220e+02,5.029295958377041131e+01,1.446506579839847362e+01,6.244565232758711204e+01,1.011817603741028293e+01,2.337416968019863717e+01,3.882259951757255578e+01,5.689367436015216839e+01,6.894425116265463771e+01,3.646594451298327755e+01,1.432059373991143225e+01,2.193814143584585707e+01,6.303303559717020477e+01,1.164750049737616777e+01,2.611578006799889806e+01,4.986641672443860784e+01,5.214334334745918120e+00,1.641808286104808801e+01,2.337892479289684289e+01
2.450000000000000178e+00,-1.000005735141604077e+02,5.109581195591210445e+01,1.525738142930722674e+01,6.539857874990980235e+01,1.053867995445787820e+01,2.427398217134084035e+01,4.070923217217384149e+01,5.737171560225094424e+01,6.820205171491031138e+01,3.724218282670302926e+01,1.423755724045411597e+01,2.301617330499046687e+01,6.295594567337588643e+01,1.410167620457498394e+01,2.690730147608096345e+01,5.018432568856174925e+01,5.822905799021222961e+00,1.828718382714549051e+01,2.354648805963056191e+01
2.459999999999999964e+00,-1.000005735141604220e+02,5.018624458719104098e+01,1.599585201744359786e+01,6.815495806647213328e+01,1.084365201933979606e+01,2.584447571283350342e+01,4.214831553783133700e+01,5.732525260655519617e+01,6.726182866299151897e+01,3.691846993287197876e+01,1.396473865193014596e+01,2.395420729458056286e+01,6.333421580565514120e+01,1.614791802766601236e+01,3.272559233062939654e+01,5.089212210812595316e+01,6.602654939279101853e+00,1.975614586324959276e+01,2.363948466048330843e+01
2.470000000000000195e+00,-1.000005735141604077e+02,5.163353596546953383e+01,1.664028279501918206e+01,7.014188383262873572e+01,1.098061474013410610e+01,2.753363026079848908e+01,4.350416234355253664e+01,5.710648695383966356e+01,6.536126965026730318e+01,3.634033785627467950e+01,1.536815365449028192e+01,2.475374368494275501e+01,6.370015682088640574e+01,1.769847185066374706e+01,3.302521372954293355e+01,5.169012966265729858e+01,7.316865477090936487e+00,2.124520152557002817e+01,2.377013495967397816e+01
2.479999999999999982e+00,-1.000005735141604220e+02,5.075541611097191463e+01,1.717411551076492415e+01,7.188371339487238743e+01,1.091170378488451398e+01,2.942542277449565091e+01,4.457240079503418428e+01,5.694176050085030028e+01,6.498280357766968507e+01,3.643366687096502687e+01,1.466974438229810040e+01,2.546710025692934565e+01,6.389406961312607791e+01,1.988204072597658367e+01,3.399358097997613726e+01,5.292404238020754548e+01,7.888323773251243232e+00,2.339456499063132711e+01,2.411822862416011759e+01
2.490000000000000213e+00,-1.000005735141604220e+02,5.247109337423065512e+01,1.770709136665736949e+01,7.347391935703717536e+01,1.067049641923927972e+01,2.960939347730728244e+01,4.629378528622842026e+01,5.672064601280003870e+01,6.381199392309815721e+01,3.665609085292565084e+01,1.513085805204197953e+01,2.616427682100605523e+01,6.422520108104788505e+01,2.148997060842994600e+01,3.807719518554290516e+01,5.316864131589684206e+01,8.393688442726652710e+00,2.537172118977873581e+01,2.474662008633388410e+01
2.500000000000000000e+00,-1.000005735141604220e+02,5.163982555235066485e+01,1.829192552398240323e+01,7.477272995499468777e+01,1.038444945175211664e+01,2.973157878706692259e+01,4.898832042725675251e+01,5.660098751400884254e+01,6.287507761065235456e+01,3.716608272912251465e+01,1.580573699547503175e+01,2.690372876751926157e+01,6.425785216916922593e+01,2.242766959395330062e+01,3.903680206884754966e+01,5.283395574337721712e+01,8.883001307611477770e+00,2.717650158472598321e+01,2.547152037641368238e+01
2.510000000000000231e+00,-1.000005735141604077e+02,5.211150465599715176e+01,1.887517508999976812e+01,7.602478032170941447e+01,1.022762021287047318e+01,3.033741884148733448e+01,5.056794371600022941e+01,5.635083018434492175e+01,6.209114276872074356e+01,3.645612109391491629e+01,1.511444796514156153e+01,2.770634953765240738e+01,6.255307874746036134e+01,2.332041071960303569e+01,4.087533279702186917e+01,5.236923741867401105e+01,9.344918224176154808e+00,2.868727041461415084e+01,2.597201610675528372e+01
2.520000000000000018e+00,-1.000005735141604220e+02,5.181683200865086292e+01,1.944159376233069025e+01,7.644876216698635574e+01,1.031896181969291071e+01,3.004399135453847336e+01,5.241942124296969041e+01,5.644081779247899533e+01,6.312036463977424461e+01,3.568654956965269065e+01,1.376199307283803108e+01,2.858664492555681491e+01,5.980302169627353237e+01,2.390750634193771873e+01,4.356070671237611691e+01,5.190855423792103096e+01,9.692410424498232757e+00,2.978800980849962698e+01,2.609481651285993919e+01
2.530000000000000249e+00,-1.000005735141604220e+02,5.153439171597657520e+01,2.008266251817558157e+01,7.652152180123084690e+01,1.069548101882937630e+01,2.948088682675350469e+01,5.309186808368400534e+01,5.762908682483396205e+01,6.303949257177747967e+01,3.522562730709896073e+01,1.385199943262032285e+01,2.955591118459565436e+01,5.779841777445739126e+01,2.493031559472471415e+01,4.432160111871067443e+01,5.178617004120891210e+01,9.868781320280746172e+00,3.065005887919090455e+01,2.603034683149413198e+01
2.540000000000000036e+00,-1.000005735141604220e+02,5.302066075530603939e+01,2.085855866557610838e+01,7.607910772382749087e+01,1.122350239265331595e+01,2.919588343133196773e+01,5.197484619573135944e+01,5.811152211952847324e+01,6.387309471391308335e+01,3.460899762232819654e+01,1.408536454325052389e+01,3.060639401202202947e+01,5.648549314283106071e+01,2.590538095773850102e+01,4.521562735267576727e+01,5.178235594952521126e+01,9.926304165956224779e+00,3.152682931546164014e+01,2.615928208824794865e+01
2.550000000000000266e+00,-1.000005735141604362e+02,5.270548896016227758e+01,2.179678937908209235e+01,7.582283279079231875e+01,1.171692383183053110e+01,2.869340382866036521e+01,5.216333380501806261e+01,5.802231274680034545e+01,6.401654353438294720e+01,3.405644432620925954e+01,1.426597254840195994e+01,3.172844519110809003e+01,5.536644243476230542e+01,2.755585432337471730e+01,4.508249016443575385e+01,5.219350530534312327e+01,9.992909986907562825e+00,3.269466341347007443e+01,2.672402360576342772e+01
2.560000000000000053e+00,-1.000005735141604220e+02,5.201598128183474046e+01,2.260720609700648964e+01,7.562086004281418639e+01,1.215511458909638520e+01,2.786720145358944478e+01,5.172349857689725638e+01,5.828165457024429941e+01,6.326729251106799978e+01,3.421875096407991634e+01,1.595083821822418457e+01,3.292825429234938639e+01,5.392491273414567843e+01,2.843290019778324051e+01,4.363802869170929455e+01,5.269188471303064603e+01,1.017530335241767503e+01,3.381177335207519263e+01,2.767890875126478889e+01
2.569999999999999840e+00,-1.000005735141604362e+02,5.433191292629020097e+01,2.314542718560475265e+01,7.497856168905813945e+01,1.257856666145376501e+01,2.810955252611603328e+01,5.102128832004223113e+01,5.797103708262291377e+01,6.232894400969173176e+01,3.417132462300876483e+01,1.713547996916469174e+01,3.420249705214433789e+01,5.262599471292253384e+01,2.796796927269664934e+01,4.904166519478211228e+01,5.313676928693865165e+01,1.047798711515775416e+01,3.461358961351565000e+01,2.879419167801082580e+01
2.580000000000000071e+00,-1.000005735141604220e+02,5.504022806733705409e+01,2.346496206519528727e+01,7.331924269690786389e+01,1.292103897151017300e+01,2.779047176619873838e+01,4.925529873954864257e+01,5.857911349883310947e+01,6.164926196544180215e+01,3.392750172747468440e+01,1.575116435708510387e+01,3.554468743586885182e+01,5.149622134659726669e+01,2.785799011830870242e+01,4.915088574168357383e+01,5.349425843813585857e+01,1.084113847763300598e+01,3.517010441081816907e+01,2.982605091294946575e+01
2.589999999999999858e+00,-1.000005735141604220e+02,5.493410384019529147e+01,2.364406826944582107e+01,7.254530671612484127e+01,1.306471892830262682e+01,2.763610086935094756e+01,4.832069530764186283e+01,5.868461455532388982e+01,6.175641873460843811e+01,3.358700378371135997e+01,1.694130013249528233e+01,3.692183392188299251e+01,5.147823322206281205e+01,2.797243752324223820e+01,5.243408577084409217e+01,5.394136010926811764e+01,1.119967613974809950e+01,3.558812956081395384e+01,3.067053873761442162e+01
2.600000000000000089e+00,-1.000005735141604220e+02,5.753242386990059032e+01,2.382661378004907604e+01,7.264527701226680279e+01,1.301912196343953987e+01,2.763519784591485262e+01,4.756855523397327801e+01,5.903095269272611034e+01,6.210481866578442833e+01,3.376059900570994898e+01,1.661121026202246398e+01,3.825560893978895649e+01,5.120530973966299371e+01,2.987294131606055458e+01,5.235977593022374776e+01,5.452612460250639259e+01,1.150218259261364651e+01,3.590025870089303339e+01,3.139296332696632419e+01
2.609999999999999876e+00,-1.000005735141604362e+02,5.953600415592806172e+01,2.416192086040612352e+01,7.271751274110485497e+01,1.294426933947644187e+01,2.739413337653455116e+01,4.653829635624450134e+01,5.950725672126025501e+01,6.245656843721975093e+01,3.416710997925137860e+01,1.700781490470658497e+01,3.945405717088724629e+01,5.147514947678988051e+01,3.004870095965421584e+01,5.529901087854838693e+01,5.600152670343234718e+01,1.173810004290306530e+01,3.615264237189939678e+01,3.214797334913794202e+01
2.620000000000000107e+00,-1.000005735141604220e+02,5.898104549180771983e+01,2.469827816901561590e+01,7.161653955479152955e+01,1.298040561154484962e+01,2.737788172283506327e+01,4.585285739057588472e+01,5.998549500510426213e+01,6.259899423209479608e+01,3.390887855128469397e+01,1.786692163323945692e+01,4.045633145731932956e+01,5.182253958765954138e+01,3.146750705919669144e+01,5.706420794468832014e+01,5.677160019190171880e+01,1.196793683599283575e+01,3.643974069411500949e+01,3.303031438310917167e+01
2.629999999999999893e+00,-1.000005735141604220e+02,6.057417481408320725e+01,2.537677961274534155e+01,7.137947246017154157e+01,1.309311053803319957e+01,2.764783672354848321e+01,4.448839829759049991e+01,5.998641308431484731e+01,6.301139587611435644e+01,3.432483895649462369e+01,1.863994226192006209e+01,4.128607810675258349e+01,5.304555368337013732e+01,3.187114726342826998e+01,5.818138873094022756e+01,5.786819823754984782e+01,1.222949078336787565e+01,3.682422643743173296e+01,3.406347200497769734e+01
2.640000000000000124e+00,-1.000005735141604077e+02,6.196904368740391078e+01,2.618207118539437417e+01,7.146169518983792557e+01,1.316967656033522260e+01,2.767446870732037922e+01,4.393282398265497335e+01,6.051365627900049304e+01,6.339295014802678452e+01,3.398336665891383035e+01,1.939026849130678443e+01,4.201217447426792972e+01,5.417123781727674015e+01,3.221744272094998962e+01,6.120326606770868949e+01,5.895167307539217916e+01,1.255826868285151754e+01,3.718446248329175319e+01,3.515938301093677865e+01
2.649999999999999911e+00,-1.000005735141604220e+02,6.237511092458849760e+01,2.718850130638418960e+01,7.124242589888231691e+01,1.315763253693642376e+01,2.829907747647062166e+01,4.415234079184342875e+01,6.020183050663894164e+01,6.398960054898230965e+01,3.348895338401760569e+01,1.925049224266214054e+01,4.266810719019376563e+01,5.544592160943025050e+01,3.396089392188034850e+01,6.043476887000866782e+01,6.076825918664609105e+01,1.294667329274030720e+01,3.754386802073570806e+01,3.611878377903340009e+01
2.660000000000000142e+00,-1.000005735141604077e+02,6.181927431489287983e+01,2.847433620657887943e+01,7.143257529401026318e+01,1.309913106646287595e+01,2.792406975875147523e+01,4.333564434272920352e+01,6.056370822280393895e+01,6.440053351859789643e+01,3.303131141220388400e+01,2.069524091353926210e+01,4.323570966826203232e+01,5.639171228533605529e+01,3.557633716861619178e+01,6.184900905711206320e+01,6.169445298663198685e+01,1.333196890590874162e+01,3.808283816005075550e+01,3.681071883913315901e+01
2.669999999999999929e+00,-1.000005735141604220e+02,6.173143189663303332e+01,2.995420695241642406e+01,7.175218622324545947e+01,1.309138891047200914e+01,2.771283739873716101e+01,4.332961154935846793e+01,6.084355952218513153e+01,6.469377936429731335e+01,3.336278071601400796e+01,2.153805851868954235e+01,4.369557141147949864e+01,5.735644803492636612e+01,3.572859412911843435e+01,6.256155461916629434e+01,6.345513217492862168e+01,1.360238112002396349e+01,3.861635826573939312e+01,3.723855852358737906e+01
2.680000000000000160e+00,-1.000005735141604077e+02,6.147740836734891445e+01,3.151542062789045673e+01,7.101421739146290690e+01,1.325140017608759990e+01,2.849850831477851543e+01,4.301183445390341831e+01,6.020091254165784278e+01,6.522551642348338419e+01,3.243042849966180086e+01,2.147297434854693421e+01,4.407607466176533961e+01,5.877977236916956372e+01,3.735435286645004993e+01,6.094985194605066425e+01,6.385284537753837242e+01,1.370434161473707135e+01,3.919723264807156227e+01,3.753516204800215661e+01
2.689999999999999947e+00,-1.000005735141604220e+02,6.031908524458913945e+01,3.307591556248805631e+01,7.093163108860835564e+01,1.362040125921260625e+01,2.858874117218466537e+01,4.410811899693529625e+01,5.940019651342038998e+01,6.565624964780106154e+01,3.115694962724347050e+01,2.156761266782632092e+01,4.441751285222587597e+01,6.006589950646079501e+01,3.758335521551479985e+01,6.407063512077725420e+01,6.335181411953088570e+01,1.366582436941708067e+01,3.987593020725910975e+01,3.788126146557739560e+01
2.700000000000000178e+00,-1.000005735141604077e+02,6.015755026424244534e+01,3.452162528757868643e+01,7.131745977816656534e+01,1.410797999630143806e+01,2.918686301037260122e+01,4.451331803516572450e+01,5.926693786271847131e+01,6.611340616591998298e+01,3.159538525747113624e+01,2.300383199470549656e+01,4.470796614799004942e+01,6.125602189048576918e+01,3.754883509823251586e+01,6.300638112470819863e+01,6.289370063824758716e+01,1.353289421562729622e+01,4.061013167940076585e+01,3.837970685896962664e+01
2.709999999999999964e+00,-1.000005735141604220e+02,5.964572377156152072e+01,3.570589134703405421e+01,7.176931383884743809e+01,1.456018067621772261e+01,2.918911854559132379e+01,4.518120848728243288e+01,5.926418080579308878e+01,6.668487075917722962e+01,3.152713021411621241e+01,2.282664830037739989e+01,4.488146034325826150e+01,6.235544191527762337e+01,3.738101384818021700e+01,6.290584097472829939e+01,6.300772328995707738e+01,1.338333666492633434e+01,4.122725330252283271e+01,3.902808159616068195e+01
2.720000000000000195e+00,-1.000005735141604077e+02,5.987706291415258875e+01,3.653522049559256857e+01,7.194022527151497570e+01,1.486014896509196248e+01,2.957016648320872321e+01,4.544395314769532490e+01,5.937722155808798163e+01,6.670495206848967484e+01,3.101476853954643786e+01,2.376639866918036859e+01,4.486826007069473121e+01,6.277162976498819802e+01,3.738477508733932098e+01,6.329202518921375287e+01,6.320578308846948801e+01,1.333272480518794723e+01,4.172516060079697553e+01,3.976758813380511270e+01
2.729999999999999982e+00,-1.000005735141604220e+02,5.969103904151090489e+01,3.703001869565488136e+01,7.265075530663689563e+01,1.503546559578563624e+01,3.002190299947520202e+01,4.494213138148555942e+01,5.897419186100080424e+01,6.627599763462687577e+01,3.031812416710274860e+01,2.269186180804513953e+01,4.466018854850597108e+01,6.326173436970345421e+01,3.881739232310910381e+01,6.260125841606519970e+01,6.366691282839217791e+01,1.347775515480234532e+01,4.230649830093059194e+01,4.056385927810955394e+01
2.740000000000000213e+00,-1.000005735141604077e+02,5.879880430836283267e+01,3.724546316183123906e+01,7.301395410935856489e+01,1.520990471325375104e+01,2.904163610470257240e+01,4.461982819577648485e+01,5.840211588572810797e+01,6.601789070079922794e+01,3.062934405789097880e+01,2.263122103756807846e+01,4.433640358594782072e+01,6.424560787476693235e+01,4.028465632590684464e+01,6.308023539259791335e+01,6.423669817777147273e+01,1.376551399880855797e+01,4.297720455651641913e+01,4.132248972328148540e+01
2.750000000000000000e+00,-1.000005735141604220e+02,5.887367161409492411e+01,3.719331933028463766e+01,7.351463969635149454e+01,1.545821210306959692e+01,2.949441429180723162e+01,4.536521421187589453e+01,5.723623049860691481e+01,6.613235598903767709e+01,3.021707113456947624e+01,2.419652968282446537e+01,4.401947623698525547e+01,6.541603773203885908e+01,3.951328576576619867e+01,6.349175140038092735e+01,6.492053799426879834e+01,1.405171556802810606e+01,4.366946835176374009e+01,4.187698423429608852e+01
2.760000000000000231e+00,-1.000005735141604362e+02,6.063794091611796233e+01,3.697718373648987011e+01,7.463697651300438451e+01,1.574084526708605125e+01,2.860272686965931399e+01,4.592635289124485354e+01,5.666173847895223048e+01,6.633435901039224802e+01,3.009488605782464887e+01,2.265887181097835068e+01,4.382325347473364729e+01,6.641244491017475582e+01,3.976043468241821444e+01,6.201927906479471631e+01,6.552293327492972708e+01,1.425935168081078075e+01,4.450358066804823665e+01,4.218647968141623039e+01
2.770000000000000018e+00,-1.000005735141604220e+02,6.180200454308646840e+01,3.675072484732647382e+01,7.597626031864936635e+01,1.599337339002114611e+01,2.890406710998414752e+01,4.557370352566265126e+01,5.528259148804730927e+01,6.719137665157862216e+01,2.928549099011238610e+01,2.316749241535152137e+01,4.383457459080747043e+01,6.746684192673463087e+01,4.086159468794905081e+01,6.258205784170904451e+01,6.700033945446467953e+01,1.440354899675689815e+01,4.530196413371562869e+01,4.235679389725474664e+01
2.780000000000000249e+00,-1.000005735141604220e+02,6.241589109285589387e+01,3.655512402982812148e+01,7.736777265779055313e+01,1.622696971797709509e+01,2.912191765623027706e+01,4.615405061324243974e+01,5.493204763791922574e+01,6.715804475361285597e+01,3.071770050991546341e+01,2.278863248465824753e+01,4.407796152534324108e+01,6.819537429797716754e+01,4.133603316166132657e+01,6.131855977218123854e+01,6.813444084646209831e+01,1.454245014712103945e+01,4.585355201546875747e+01,4.253089211184313001e+01
2.790000000000000036e+00,-1.000005735141604220e+02,6.385924423347412926e+01,3.618651217055088409e+01,7.808358564696675330e+01,1.648371916821848515e+01,2.950794165116127843e+01,4.660333315266682064e+01,5.428420724363916605e+01,6.631086274083280330e+01,3.094191438094642521e+01,2.188732946439485971e+01,4.450490519616475638e+01,6.856741462271665455e+01,4.036040974010423099e+01,6.252998696289198222e+01,6.865194410083697107e+01,1.472285598476696933e+01,4.608420433343936651e+01,4.270269259933942863e+01
2.800000000000000266e+00,-1.000005735141604362e+02,6.384229180206230581e+01,3.568391751099422038e+01,7.894988164192783131e+01,1.676876022634847274e+01,3.051948962113883468e+01,4.684418783593996238e+01,5.298064931625029317e+01,6.567672125279844408e+01,3.063708812018600014e+01,2.251464618051855382e+01,4.498517134070671375e+01,6.884626471583773366e+01,3.951806613453808836e+01,5.938783751752886531e+01,6.918611155060790452e+01,1.494475010203755616e+01,4.591215745809473958e+01,4.271029332433187875e+01
2.810000000000000053e+00,-1.000005735141604220e+02,6.451878185071853977e+01,3.493043983086989357e+01,7.998415900472033968e+01,1.702542934525573060e+01,3.079526317538725522e+01,4.702681224323513476e+01,5.267876569083191640e+01,6.563009057796671186e+01,3.060681413343389679e+01,2.102581189160129682e+01,4.536287846589883799e+01,6.930362264140646289e+01,3.897722032435248707e+01,6.014441579284070372e+01,6.937694430993991546e+01,1.510172068752578944e+01,4.542822925657470279e+01,4.237960221774756775e+01
2.819999999999999840e+00,-1.000005735141604362e+02,6.482735137492512933e+01,3.424605094644532244e+01,8.062153631182451363e+01,1.717220252406936964e+01,3.139442543299072952e+01,4.656760374814015080e+01,5.183164277600019432e+01,6.564411691567551088e+01,3.078317277822418419e+01,2.172134765829496672e+01,4.550551846335880413e+01,6.936720607783472303e+01,3.901990611312263013e+01,5.885924225538345667e+01,6.859013981344706679e+01,1.517416332199264417e+01,4.483440449620641033e+01,4.176670725133241291e+01
2.830000000000000071e+00,-1.000005735141604220e+02,6.553524855104693358e+01,3.331935743570385711e+01,8.130671095831687012e+01,1.715589576941364669e+01,3.197176728360451392e+01,4.669686887426316702e+01,5.136868883591271384e+01,6.646623511097915582e+01,3.122768468340172987e+01,2.261582513064872302e+01,4.536602033863685790e+01,6.870073802799998930e+01,3.869272984964058537e+01,5.958117008521344360e+01,6.814783607046493330e+01,1.524132090180180832e+01,4.422007289704372823e+01,4.120304695241726023e+01
2.839999999999999858e+00,-1.000005735141604220e+02,6.489244679716054520e+01,3.239904743604715520e+01,8.238485982726513157e+01,1.699195404051611646e+01,3.213655855777003723e+01,4.624319265150788283e+01,5.064770065019263967e+01,6.612250284010056589e+01,3.134169872893153297e+01,2.138524944983538489e+01,4.501534000209179709e+01,6.892868936146096814e+01,3.842185877437340480e+01,5.896556120040632010e+01,6.732164550908223077e+01,1.534016654627295928e+01,4.380864073641200207e+01,4.099609834299486977e+01
2.850000000000000089e+00,-1.000005735141604220e+02,6.538757114876493404e+01,3.143694667629908679e+01,8.299685048274730548e+01,1.676790295301721656e+01,3.186910257788682799e+01,4.772302174662549135e+01,4.996360283685255865e+01,6.660416503445053138e+01,3.114041018746643985e+01,2.063610231769409609e+01,4.455394408180924870e+01,6.946435642000248833e+01,4.010993285090184912e+01,5.974057956951480719e+01,6.637714199582939045e+01,1.537939984877912636e+01,4.360326444670859303e+01,4.116044200745773196e+01
2.859999999999999876e+00,-1.000005735141604362e+02,6.528624058379404005e+01,3.042333894382758430e+01,8.395694999194482477e+01,1.660649825375305610e+01,3.174841936199680248e+01,4.985765138877948743e+01,4.974136309382602406e+01,6.632867408206011817e+01,3.046036247728551771e+01,1.966348987150128025e+01,4.406286824686404913e+01,6.944757188091851674e+01,3.967134229673777668e+01,5.739392166678350549e+01,6.523707190029351466e+01,1.524811133640865002e+01,4.339334906806208636e+01,4.155373970429597108e+01
2.870000000000000107e+00,-1.000005735141604220e+02,6.575124505106127515e+01,2.950631285921187796e+01,8.467616389001614152e+01,1.664341721530730922e+01,3.205236343720757475e+01,5.128915502986363606e+01,4.997792487594934130e+01,6.623203410913892242e+01,3.052478817194744565e+01,2.092108146657879075e+01,4.356787824250741892e+01,6.895718095992344843e+01,4.053510793902468379e+01,5.779308316032637549e+01,6.470787833105706000e+01,1.492361822731695042e+01,4.327972918363319366e+01,4.207394305209140128e+01
2.879999999999999893e+00,-1.000005735141604220e+02,6.635660536173234902e+01,2.889629996853661709e+01,8.514697825562281253e+01,1.695418361546439812e+01,3.331080171531374390e+01,5.206449036330555202e+01,4.971294713029804768e+01,6.685422777103507030e+01,3.095845741771424287e+01,2.014593205231931350e+01,4.309728657988824096e+01,6.859336794111520419e+01,4.052077690679425359e+01,5.694601722592015847e+01,6.404185611133840439e+01,1.452433316312077771e+01,4.338356825502728498e+01,4.264872142500189511e+01
2.890000000000000124e+00,-1.000005735141604077e+02,6.855586471349099043e+01,2.868671019886651052e+01,8.546270806718121094e+01,1.756697007199506899e+01,3.427246620598012328e+01,5.359693109658235244e+01,5.006732098841483491e+01,6.683301220345487081e+01,3.072896478729062508e+01,1.911668722368278850e+01,4.272097313108588423e+01,6.861982837720827888e+01,4.036791589282660198e+01,5.556272767776246013e+01,6.369342697473317116e+01,1.416346473708819431e+01,4.370708411491737166e+01,4.312223816982429980e+01
2.899999999999999911e+00,-1.000005735141604220e+02,6.800794341050017522e+01,2.886596658082419253e+01,8.639223115331215297e+01,1.837939276909045816e+01,3.433182141759313311e+01,5.423614622245923300e+01,5.017449571437597911e+01,6.674473586095649580e+01,3.090742143680455456e+01,1.991747283857234407e+01,4.252334465449288814e+01,6.835672024646237332e+01,3.975121873305208453e+01,5.672626875517605782e+01,6.311209515303250583e+01,1.384329887330130582e+01,4.419675721842565252e+01,4.341479642649645854e+01
2.910000000000000142e+00,-1.000005735141604077e+02,6.943419336243201201e+01,2.910103984003022859e+01,8.701638803763610497e+01,1.919400604163773139e+01,3.463081710825548498e+01,5.414741312904170911e+01,5.056249093534855632e+01,6.655376931703065679e+01,3.057407497382680006e+01,1.820055478270802851e+01,4.256425729001871616e+01,6.771633891810496664e+01,3.935043567724515157e+01,5.310830490665830439e+01,6.276278928038508553e+01,1.348379839498188737e+01,4.473741926170546179e+01,4.364348813240591340e+01
2.919999999999999929e+00,-1.000005735141604220e+02,7.082372290701076167e+01,2.917893201452483609e+01,8.783343103723376544e+01,1.982913851173123021e+01,3.482277702316591217e+01,5.372207410057663424e+01,5.104274560642414116e+01,6.551179977652203945e+01,3.118721569574720220e+01,1.840687686373102849e+01,4.277698572154820056e+01,6.727129232157480487e+01,3.964471656298675128e+01,5.473778085464500975e+01,6.176029611426233856e+01,1.304640605864519287e+01,4.516892635084023766e+01,4.397317841295181040e+01
2.930000000000000160e+00,-1.000005735141604077e+02,7.143767533966985184e+01,2.912654465284132854e+01,8.890379432467639731e+01,2.024300598355346992e+01,3.418387853129198106e+01,5.341699605494292058e+01,5.170818447756922609e+01,6.511136964374880165e+01,3.149687008759094908e+01,1.842986929902100712e+01,4.302555551053080052e+01,6.740675368693894143e+01,4.077255895336166702e+01,5.395659573342396698e+01,6.062580305366766709e+01,1.256280266348991859e+01,4.541845824671077025e+01,4.449037582660092482e+01
2.939999999999999947e+00,-1.000005735141604220e+02,7.140362269794826489e+01,2.896179178111609076e+01,8.951212898051201705e+01,2.056597675551270754e+01,3.421580605714486012e+01,5.337301028276095849e+01,5.188240838690165901e+01,6.392736430356970345e+01,3.144972273643985972e+01,1.920043513812492719e+01,4.319795870749423017e+01,6.752234431039609319e+01,4.035529173628485466e+01,5.181265674391138987e+01,5.975460185722765516e+01,1.213273663982817752e+01,4.559280868901682027e+01,4.518049166627812241e+01
2.950000000000000178e+00,-1.000005735141604077e+02,7.187912619771638845e+01,2.874876193048777751e+01,8.982740402825290005e+01,2.095140728213966597e+01,3.472207822574949176e+01,5.370168386493297419e+01,5.228570814045968262e+01,6.311353071472716181e+01,3.187506836186349446e+01,1.938208362961757913e+01,4.326339295785057004e+01,6.805488459526021927e+01,4.100554267659193641e+01,5.062188715129505567e+01,5.967936453107842709e+01,1.182202338532821706e+01,4.593695049858881418e+01,4.595834613843564398e+01
2.959999999999999964e+00,-1.000005735141604220e+02,7.167840033826776391e+01,2.838951658240290499e+01,8.989350240822822968e+01,2.135644459138995543e+01,3.414835188936632449e+01,5.383361613737910290e+01,5.267807379903674558e+01,6.310024170801265342e+01,3.151762893135251176e+01,1.940380484256889204e+01,4.328100905920329922e+01,6.830277073451959780e+01,4.193750887361092339e+01,5.340278301327995791e+01,5.980878328431246160e+01,1.163829187757111150e+01,4.647030938610944162e+01,4.669641388064214027e+01
2.970000000000000195e+00,-1.000005735141604077e+02,7.321167574536761435e+01,2.770667495353289667e+01,9.050420213869391262e+01,2.156363566793676156e+01,3.442894497248623509e+01,5.272787418783038760e+01,5.278070587191133711e+01,6.257013063624609117e+01,3.127448783222702389e+01,1.546596427182082856e+01,4.335398910581136533e+01,6.870531867968904294e+01,4.149733426407682657e+01,5.385193222979097527e+01,5.956167002964069468e+01,1.157931255857240416e+01,4.699449333675909912e+01,4.724388355493607605e+01
2.979999999999999982e+00,-1.000005735141604220e+02,7.335010977092545659e+01,2.672884623843052410e+01,9.092126436569901671e+01,2.147031717170808562e+01,3.374986887328810070e+01,5.278987958926391144e+01,5.163410560839610497e+01,6.285115536579740336e+01,3.104574108645343955e+01,1.789181287329921588e+01,4.355026505995297725e+01,6.888696760532661756e+01,4.138684715739578479e+01,5.225403150226699722e+01,5.935042207684031723e+01,1.164434154218915474e+01,4.737288931896820543e+01,4.748647502840515244e+01
2.990000000000000213e+00,-1.000005735141604077e+02,7.579040737882094447e+01,2.567379999028588600e+01,9.238916427856467806e+01,2.122971975199587291e+01,3.344262270618076371e+01,5.221615584283889433e+01,5.078208502585393802e+01,6.288419131633160930e+01,3.149159321136846401e+01,1.824024580961659936e+01,4.383897675819127215e+01,6.934533435772054588e+01,4.212772770445076276e+01,5.415511310815778501e+01,5.967763843632278054e+01,1.181521949921377335e+01,4.746822621933436892e+01,4.743037878218392223e+01
3.000000000000000000e+00,-1.000005735141604220e+02,7.652454303394675605e+01,2.475010850292311559e+01,9.276922682605810166e+01,2.105417415122898817e+01,3.293732658180574902e+01,5.135601523427846615e+01,5.129413324777487304e+01,6.297190681965602721e+01,3.125196630202939474e+01,1.742607646600271565e+01,4.412260938320419257e+01,6.958642362142343529e+01,4.244164487022102605e+01,5.291915784007703394e+01,6.002135658976770571e+01,1.203673183476415076e+01,4.722649641208745663e+01,4.722568778187474692e+01
3.010000000000000231e+00,-1.000005735141604362e+02,7.633528177687271921e+01,2.406582960736888310e+01,9.333189085013813724e+01,2.108329017924870996e+01,3.255611866337215332e+01,5.194683144140167741e+01,5.077585116386330810e+01,6.217433892246204152e+01,3.096760805713458353e+01,1.673480330507663538e+01,4.430056324031682635e+01,6.963931540554945343e+01,4.231485763131180278e+01,5.484762215734841817e+01,6.072445478100204497e+01,1.228391325755448804e+01,4.689162212626711579e+01,4.707025867243739725e+01
3.020000000000000018e+00,-1.000005735141604220e+02,7.813671823014534823e+01,2.371459864462991263e+01,9.335895351800370179e+01,2.134959428262165204e+01,3.170023347059102292e+01,5.039770898314295522e+01,5.103189512782621762e+01,6.202465913301021061e+01,3.090601333869886957e+01,1.661341708244615489e+01,4.435400877236349970e+01,6.939467423832805082e+01,4.322942662275602999e+01,5.730284802664944266e+01,6.101175242998812820e+01,1.256053567465518128e+01,4.673617650136828416e+01,4.701869971864113040e+01
